{
    "age": {
        "mean": 41.24235636689439,
        "std": 41.24235636689439,
        "min": 18.0,
        "max": 95.0
    },
    "default": {
        "mean": 0.9851047149736812,
        "std": 0.9851047149736812,
        "min": 0.0,
        "max": 1.0
    },
    "balance": {
        "mean": 1520.5063276962705,
        "std": 1520.5063276962705,
        "min": -3058.0,
        "max": 81204.0
    },
    "housing": {
        "mean": 0.4710493896292978,
        "std": 0.4710493896292978,
        "min": 0.0,
        "max": 1.0
    },
    "loan": {
        "mean": 0.8670623810057118,
        "std": 0.8670623810057118,
        "min": 0.0,
        "max": 1.0
    },
    "day": {
        "mean": 15.62996976145145,
        "std": 15.62996976145145,
        "min": 1.0,
        "max": 31.0
    },
    "duration": {
        "mean": 370.22454922163735,
        "std": 370.22454922163735,
        "min": 2.0,
        "max": 3881.0
    },
    "campaign": {
        "mean": 2.506439690894837,
        "std": 2.506439690894837,
        "min": 1.0,
        "max": 63.0
    },
    "pdays": {
        "mean": 50.73255683727181,
        "std": 50.73255683727181,
        "min": -1.0,
        "max": 854.0
    },
    "previous": {
        "mean": 0.81128905812521,
        "std": 0.81128905812521,
        "min": 0.0,
        "max": 58.0
    },
    "job_admin.": {
        "mean": 0.11860230708925971,
        "std": 0.11860230708925971,
        "min": 0.0,
        "max": 1.0
    },
    "job_blue-collar": {
        "mean": 0.17392765147272932,
        "std": 0.17392765147272932,
        "min": 0.0,
        "max": 1.0
    },
    "job_entrepreneur": {
        "mean": 0.027886661440250867,
        "std": 0.027886661440250867,
        "min": 0.0,
        "max": 1.0
    },
    "job_housemaid": {
        "mean": 0.02497480120954194,
        "std": 0.02497480120954194,
        "min": 0.0,
        "max": 1.0
    },
    "job_management": {
        "mean": 0.23283682383245605,
        "std": 0.23283682383245605,
        "min": 0.0,
        "max": 1.0
    },
    "job_retired": {
        "mean": 0.07022062940978833,
        "std": 0.07022062940978833,
        "min": 0.0,
        "max": 1.0
    },
    "job_self-employed": {
        "mean": 0.03751819912644193,
        "std": 0.03751819912644193,
        "min": 0.0,
        "max": 1.0
    },
    "job_services": {
        "mean": 0.0829880165752044,
        "std": 0.0829880165752044,
        "min": 0.0,
        "max": 1.0
    },
    "job_student": {
        "mean": 0.03191846791354015,
        "std": 0.03191846791354015,
        "min": 0.0,
        "max": 1.0
    },
    "job_technician": {
        "mean": 0.1612722589315713,
        "std": 0.1612722589315713,
        "min": 0.0,
        "max": 1.0
    },
    "job_unemployed": {
        "mean": 0.031582484040766044,
        "std": 0.031582484040766044,
        "min": 0.0,
        "max": 1.0
    },
    "job_unknown": {
        "mean": 0.006271698958449995,
        "std": 0.006271698958449995,
        "min": 0.0,
        "max": 1.0
    },
    "marital_divorced": {
        "mean": 0.11457050061597043,
        "std": 0.11457050061597043,
        "min": 0.0,
        "max": 1.0
    },
    "marital_married": {
        "mean": 0.5689326912308209,
        "std": 0.5689326912308209,
        "min": 0.0,
        "max": 1.0
    },
    "marital_single": {
        "mean": 0.31649680815320863,
        "std": 0.31649680815320863,
        "min": 0.0,
        "max": 1.0
    },
    "education_primary": {
        "mean": 0.13461753835815882,
        "std": 0.13461753835815882,
        "min": 0.0,
        "max": 1.0
    },
    "education_secondary": {
        "mean": 0.48852055101355135,
        "std": 0.48852055101355135,
        "min": 0.0,
        "max": 1.0
    },
    "education_tertiary": {
        "mean": 0.33374398028894614,
        "std": 0.33374398028894614,
        "min": 0.0,
        "max": 1.0
    },
    "education_unknown": {
        "mean": 0.04311793033934371,
        "std": 0.04311793033934371,
        "min": 0.0,
        "max": 1.0
    },
    "contact_cellular": {
        "mean": 0.7238212565796842,
        "std": 0.7238212565796842,
        "min": 0.0,
        "max": 1.0
    },
    "contact_telephone": {
        "mean": 0.06842871542165976,
        "std": 0.06842871542165976,
        "min": 0.0,
        "max": 1.0
    },
    "contact_unknown": {
        "mean": 0.20775002799865608,
        "std": 0.20775002799865608,
        "min": 0.0,
        "max": 1.0
    },
    "month_apr": {
        "mean": 0.08130809721133385,
        "std": 0.08130809721133385,
        "min": 0.0,
        "max": 1.0
    },
    "month_aug": {
        "mean": 0.1355134953522231,
        "std": 0.1355134953522231,
        "min": 0.0,
        "max": 1.0
    },
    "month_dec": {
        "mean": 0.008511591443610706,
        "std": 0.008511591443610706,
        "min": 0.0,
        "max": 1.0
    },
    "month_feb": {
        "mean": 0.07033262403404636,
        "std": 0.07033262403404636,
        "min": 0.0,
        "max": 1.0
    },
    "month_jan": {
        "mean": 0.028558629185799083,
        "std": 0.028558629185799083,
        "min": 0.0,
        "max": 1.0
    },
    "month_jul": {
        "mean": 0.13685743084331953,
        "std": 0.13685743084331953,
        "min": 0.0,
        "max": 1.0
    },
    "month_jun": {
        "mean": 0.10930675327584276,
        "std": 0.10930675327584276,
        "min": 0.0,
        "max": 1.0
    },
    "month_mar": {
        "mean": 0.02531078508231605,
        "std": 0.02531078508231605,
        "min": 0.0,
        "max": 1.0
    },
    "month_may": {
        "mean": 0.2525478777018703,
        "std": 0.2525478777018703,
        "min": 0.0,
        "max": 1.0
    },
    "month_nov": {
        "mean": 0.0867958337999776,
        "std": 0.0867958337999776,
        "min": 0.0,
        "max": 1.0
    },
    "month_oct": {
        "mean": 0.035614290514055326,
        "std": 0.035614290514055326,
        "min": 0.0,
        "max": 1.0
    },
    "month_sep": {
        "mean": 0.02934259155560533,
        "std": 0.02934259155560533,
        "min": 0.0,
        "max": 1.0
    },
    "poutcome_failure": {
        "mean": 0.1090827640273267,
        "std": 0.1090827640273267,
        "min": 0.0,
        "max": 1.0
    },
    "poutcome_other": {
        "mean": 0.046701758315600854,
        "std": 0.046701758315600854,
        "min": 0.0,
        "max": 1.0
    },
    "poutcome_success": {
        "mean": 0.09508343599507224,
        "std": 0.09508343599507224,
        "min": 0.0,
        "max": 1.0
    },
    "poutcome_unknown": {
        "mean": 0.7491320416620002,
        "std": 0.7491320416620002,
        "min": 0.0,
        "max": 1.0
    }
}