{
    "age": {
        "mean": 38.52691185503686,
        "std": 38.52691185503686,
        "min": 17.0,
        "max": 90.0
    },
    "fnlwgt": {
        "mean": 189828.72454699018,
        "std": 189828.72454699018,
        "min": 12285.0,
        "max": 1455435.0
    },
    "education.num": {
        "mean": 10.088336916461916,
        "std": 10.088336916461916,
        "min": 1.0,
        "max": 16.0
    },
    "sex": {
        "mean": 0.3308507371007371,
        "std": 0.3308507371007371,
        "min": 0.0,
        "max": 1.0
    },
    "capital.gain": {
        "mean": 1106.465601965602,
        "std": 1106.465601965602,
        "min": 0.0,
        "max": 99999.0
    },
    "capital.loss": {
        "mean": 88.5505605036855,
        "std": 88.5505605036855,
        "min": 0.0,
        "max": 4356.0
    },
    "hours.per.week": {
        "mean": 40.51896498771499,
        "std": 40.51896498771499,
        "min": 1.0,
        "max": 99.0
    },
    "workclass_?": {
        "mean": 0.05512899262899263,
        "std": 0.05512899262899263,
        "min": 0.0,
        "max": 1.0
    },
    "workclass_Federal-gov": {
        "mean": 0.029407248157248156,
        "std": 0.029407248157248156,
        "min": 0.0,
        "max": 1.0
    },
    "workclass_Local-gov": {
        "mean": 0.0644963144963145,
        "std": 0.0644963144963145,
        "min": 0.0,
        "max": 1.0
    },
    "workclass_Never-worked": {
        "mean": 0.00023034398034398035,
        "std": 0.00023034398034398035,
        "min": 0.0,
        "max": 1.0
    },
    "workclass_Private": {
        "mean": 0.6969057125307125,
        "std": 0.6969057125307125,
        "min": 0.0,
        "max": 1.0
    },
    "workclass_Self-emp-inc": {
        "mean": 0.03458998771498772,
        "std": 0.03458998771498772,
        "min": 0.0,
        "max": 1.0
    },
    "workclass_Self-emp-not-inc": {
        "mean": 0.07800982800982802,
        "std": 0.07800982800982802,
        "min": 0.0,
        "max": 1.0
    },
    "workclass_State-gov": {
        "mean": 0.04077088452088452,
        "std": 0.04077088452088452,
        "min": 0.0,
        "max": 1.0
    },
    "workclass_Without-pay": {
        "mean": 0.0004606879606879607,
        "std": 0.0004606879606879607,
        "min": 0.0,
        "max": 1.0
    },
    "education_10th": {
        "mean": 0.029176904176904175,
        "std": 0.029176904176904175,
        "min": 0.0,
        "max": 1.0
    },
    "education_11th": {
        "mean": 0.03551136363636364,
        "std": 0.03551136363636364,
        "min": 0.0,
        "max": 1.0
    },
    "education_12th": {
        "mean": 0.01359029484029484,
        "std": 0.01359029484029484,
        "min": 0.0,
        "max": 1.0
    },
    "education_1st-4th": {
        "mean": 0.004952395577395578,
        "std": 0.004952395577395578,
        "min": 0.0,
        "max": 1.0
    },
    "education_5th-6th": {
        "mean": 0.010557432432432432,
        "std": 0.010557432432432432,
        "min": 0.0,
        "max": 1.0
    },
    "education_7th-8th": {
        "mean": 0.01984797297297297,
        "std": 0.01984797297297297,
        "min": 0.0,
        "max": 1.0
    },
    "education_9th": {
        "mean": 0.01574017199017199,
        "std": 0.01574017199017199,
        "min": 0.0,
        "max": 1.0
    },
    "education_Assoc-acdm": {
        "mean": 0.032555282555282554,
        "std": 0.032555282555282554,
        "min": 0.0,
        "max": 1.0
    },
    "education_Assoc-voc": {
        "mean": 0.04311271498771499,
        "std": 0.04311271498771499,
        "min": 0.0,
        "max": 1.0
    },
    "education_Bachelors": {
        "mean": 0.1665003071253071,
        "std": 0.1665003071253071,
        "min": 0.0,
        "max": 1.0
    },
    "education_Doctorate": {
        "mean": 0.012745700245700245,
        "std": 0.012745700245700245,
        "min": 0.0,
        "max": 1.0
    },
    "education_HS-grad": {
        "mean": 0.32140663390663393,
        "std": 0.32140663390663393,
        "min": 0.0,
        "max": 1.0
    },
    "education_Masters": {
        "mean": 0.05297911547911548,
        "std": 0.05297911547911548,
        "min": 0.0,
        "max": 1.0
    },
    "education_Preschool": {
        "mean": 0.0016507985257985258,
        "std": 0.0016507985257985258,
        "min": 0.0,
        "max": 1.0
    },
    "education_Prof-school": {
        "mean": 0.018043611793611792,
        "std": 0.018043611793611792,
        "min": 0.0,
        "max": 1.0
    },
    "education_Some-college": {
        "mean": 0.22162929975429976,
        "std": 0.22162929975429976,
        "min": 0.0,
        "max": 1.0
    },
    "marital.status_Divorced": {
        "mean": 0.13751535626535627,
        "std": 0.13751535626535627,
        "min": 0.0,
        "max": 1.0
    },
    "marital.status_Married-AF-spouse": {
        "mean": 0.000691031941031941,
        "std": 0.000691031941031941,
        "min": 0.0,
        "max": 1.0
    },
    "marital.status_Married-civ-spouse": {
        "mean": 0.45980497542997545,
        "std": 0.45980497542997545,
        "min": 0.0,
        "max": 1.0
    },
    "marital.status_Married-spouse-absent": {
        "mean": 0.013513513513513514,
        "std": 0.013513513513513514,
        "min": 0.0,
        "max": 1.0
    },
    "marital.status_Never-married": {
        "mean": 0.3263974201474201,
        "std": 0.3263974201474201,
        "min": 0.0,
        "max": 1.0
    },
    "marital.status_Separated": {
        "mean": 0.03174907862407862,
        "std": 0.03174907862407862,
        "min": 0.0,
        "max": 1.0
    },
    "marital.status_Widowed": {
        "mean": 0.030328624078624078,
        "std": 0.030328624078624078,
        "min": 0.0,
        "max": 1.0
    },
    "occupation_?": {
        "mean": 0.05535933660933661,
        "std": 0.05535933660933661,
        "min": 0.0,
        "max": 1.0
    },
    "occupation_Adm-clerical": {
        "mean": 0.117129914004914,
        "std": 0.117129914004914,
        "min": 0.0,
        "max": 1.0
    },
    "occupation_Armed-Forces": {
        "mean": 0.00026873464373464373,
        "std": 0.00026873464373464373,
        "min": 0.0,
        "max": 1.0
    },
    "occupation_Craft-repair": {
        "mean": 0.12684275184275184,
        "std": 0.12684275184275184,
        "min": 0.0,
        "max": 1.0
    },
    "occupation_Exec-managerial": {
        "mean": 0.12484643734643734,
        "std": 0.12484643734643734,
        "min": 0.0,
        "max": 1.0
    },
    "occupation_Farming-fishing": {
        "mean": 0.030136670761670762,
        "std": 0.030136670761670762,
        "min": 0.0,
        "max": 1.0
    },
    "occupation_Handlers-cleaners": {
        "mean": 0.04176904176904177,
        "std": 0.04176904176904177,
        "min": 0.0,
        "max": 1.0
    },
    "occupation_Machine-op-inspct": {
        "mean": 0.06142506142506143,
        "std": 0.06142506142506143,
        "min": 0.0,
        "max": 1.0
    },
    "occupation_Other-service": {
        "mean": 0.10039158476658476,
        "std": 0.10039158476658476,
        "min": 0.0,
        "max": 1.0
    },
    "occupation_Priv-house-serv": {
        "mean": 0.004606879606879607,
        "std": 0.004606879606879607,
        "min": 0.0,
        "max": 1.0
    },
    "occupation_Prof-specialty": {
        "mean": 0.12807125307125308,
        "std": 0.12807125307125308,
        "min": 0.0,
        "max": 1.0
    },
    "occupation_Protective-serv": {
        "mean": 0.01984797297297297,
        "std": 0.01984797297297297,
        "min": 0.0,
        "max": 1.0
    },
    "occupation_Sales": {
        "mean": 0.11156326781326781,
        "std": 0.11156326781326781,
        "min": 0.0,
        "max": 1.0
    },
    "occupation_Tech-support": {
        "mean": 0.02898495085995086,
        "std": 0.02898495085995086,
        "min": 0.0,
        "max": 1.0
    },
    "occupation_Transport-moving": {
        "mean": 0.048756142506142505,