{
    "gender": {
        "mean": 0.49315555555555557,
        "std": 0.49315555555555557,
        "min": 0.0,
        "max": 1.0
    },
    "SeniorCitizen": {
        "mean": 0.1607111111111111,
        "std": 0.1607111111111111,
        "min": 0.0,
        "max": 1.0
    },
    "Partner": {
        "mean": 0.48088888888888887,
        "std": 0.48088888888888887,
        "min": 0.0,
        "max": 1.0
    },
    "Dependents": {
        "mean": 0.7006222222222223,
        "std": 0.7006222222222223,
        "min": 0.0,
        "max": 1.0
    },
    "tenure": {
        "mean": 32.33528888888889,
        "std": 32.33528888888889,
        "min": 1.0,
        "max": 72.0
    },
    "PhoneService": {
        "mean": 0.0976,
        "std": 0.0976,
        "min": 0.0,
        "max": 1.0
    },
    "PaperlessBilling": {
        "mean": 0.5912888888888889,
        "std": 0.5912888888888889,
        "min": 0.0,
        "max": 1.0
    },
    "MonthlyCharges": {
        "mean": 64.69743111111111,
        "std": 64.69743111111111,
        "min": 18.25,
        "max": 118.75
    },
    "TotalCharges": {
        "mean": 2275.300871111111,
        "std": 2275.300871111111,
        "min": 18.85,
        "max": 8684.8
    },
    "MultipleLines_No": {
        "mean": 0.4855111111111111,
        "std": 0.4855111111111111,
        "min": 0.0,
        "max": 1.0
    },
    "MultipleLines_No phone service": {
        "mean": 0.0976,
        "std": 0.0976,
        "min": 0.0,
        "max": 1.0
    },
    "MultipleLines_Yes": {
        "mean": 0.41688888888888886,
        "std": 0.41688888888888886,
        "min": 0.0,
        "max": 1.0
    },
    "InternetService_DSL": {
        "mean": 0.3413333333333333,
        "std": 0.3413333333333333,
        "min": 0.0,
        "max": 1.0
    },
    "InternetService_Fiber optic": {
        "mean": 0.43946666666666667,
        "std": 0.43946666666666667,
        "min": 0.0,
        "max": 1.0
    },
    "InternetService_No": {
        "mean": 0.2192,
        "std": 0.2192,
        "min": 0.0,
        "max": 1.0
    },
    "OnlineSecurity_No": {
        "mean": 0.49333333333333335,
        "std": 0.49333333333333335,
        "min": 0.0,
        "max": 1.0
    },
    "OnlineSecurity_No internet service": {
        "mean": 0.2192,
        "std": 0.2192,
        "min": 0.0,
        "max": 1.0
    },
    "OnlineSecurity_Yes": {
        "mean": 0.28746666666666665,
        "std": 0.28746666666666665,
        "min": 0.0,
        "max": 1.0
    },
    "OnlineBackup_No": {
        "mean": 0.4343111111111111,
        "std": 0.4343111111111111,
        "min": 0.0,
        "max": 1.0
    },
    "OnlineBackup_No internet service": {
        "mean": 0.2192,
        "std": 0.2192,
        "min": 0.0,
        "max": 1.0
    },
    "OnlineBackup_Yes": {
        "mean": 0.3464888888888889,
        "std": 0.3464888888888889,
        "min": 0.0,
        "max": 1.0
    },
    "DeviceProtection_No": {
        "mean": 0.43804444444444446,
        "std": 0.43804444444444446,
        "min": 0.0,
        "max": 1.0
    },
    "DeviceProtection_No internet service": {
        "mean": 0.2192,
        "std": 0.2192,
        "min": 0.0,
        "max": 1.0
    },
    "DeviceProtection_Yes": {
        "mean": 0.34275555555555554,
        "std": 0.34275555555555554,
        "min": 0.0,
        "max": 1.0
    },
    "TechSupport_No": {
        "mean": 0.49102222222222225,
        "std": 0.49102222222222225,
        "min": 0.0,
        "max": 1.0
    },
    "TechSupport_No internet service": {
        "mean": 0.2192,
        "std": 0.2192,
        "min": 0.0,
        "max": 1.0
    },
    "TechSupport_Yes": {
        "mean": 0.2897777777777778,
        "std": 0.2897777777777778,
        "min": 0.0,
        "max": 1.0
    },
    "StreamingTV_No": {
        "mean": 0.3950222222222222,
        "std": 0.3950222222222222,
        "min": 0.0,
        "max": 1.0
    },
    "StreamingTV_No internet service": {
        "mean": 0.2192,
        "std": 0.2192,
        "min": 0.0,
        "max": 1.0
    },
    "StreamingTV_Yes": {
        "mean": 0.3857777777777778,
        "std": 0.3857777777777778,
        "min": 0.0,
        "max": 1.0
    },
    "StreamingMovies_No": {
        "mean": 0.3895111111111111,
        "std": 0.3895111111111111,
        "min": 0.0,
        "max": 1.0
    },
    "StreamingMovies_No internet service": {
        "mean": 0.2192,
        "std": 0.2192,
        "min": 0.0,
        "max": 1.0
    },
    "StreamingMovies_Yes": {
        "mean": 0.3912888888888889,
        "std": 0.3912888888888889,
        "min": 0.0,
        "max": 1.0
    },
    "Contract_Month-to-month": {
        "mean": 0.5488,
        "std": 0.5488,
        "min": 0.0,
        "max": 1.0
    },
    "Contract_One year": {
        "mean": 0.21173333333333333,
        "std": 0.21173333333333333,
        "min": 0.0,
        "max": 1.0
    },
    "Contract_Two year": {
        "mean": 0.23946666666666666,
        "std": 0.23946666666666666,
        "min": 0.0,
        "max": 1.0
    },
    "PaymentMethod_Bank transfer (automatic)": {
        "mean": 0.21351111111111112,
        "std": 0.21351111111111112,
        "min": 0.0,
        "max": 1.0
    },
    "PaymentMethod_Credit card (automatic)": {
        "mean": 0.21777777777777776,
        "std": 0.21777777777777776,
        "min": 0.0,
        "max": 1.0
    },
    "PaymentMethod_Electronic check": {
        "mean": 0.33813333333333334,
        "std": 0.33813333333333334,
        "min": 0.0,
        "max": 1.0
    },
    "PaymentMethod_Mailed check": {
        "mean": 0.23057777777777777,
        "std": 0.23057777777777777,
        "min": 0.0,
        "max": 1.0
    }
}