{
    "baseline_accuracy": 0.8506064793489944,
    "production_accuracy": 0.9159116734744019,
    "concept_drift_detected": false
}