{
    "age": {
        "baseline_mean": 41.24235636689439,
        "production mean": 56.737323060383446,
        "ks_test": {
            "ks_statistic": 0.3915068984053037,
            "p_value": 0.0,
            "drift_detected": true
        },
        "psi": 0.9100338808082966
    },
    "default": {
        "baseline_mean": 0.9851047149736812,
        "production mean": 0.9849489338828167,
        "ks_test": {
            "ks_statistic": 0.0,
            "p_value": 1.0,
            "drift_detected": false
        },
        "psi": 0.0
    },
    "balance": {
        "baseline_mean": 1520.5063276962705,
        "production mean": 16589.09801110912,
        "ks_test": {
            "ks_statistic": 0.6001612614226841,
            "p_value": 0.0,
            "drift_detected": true
        },
        "psi": 3.8373690097158812
    },
    "housing": {
        "baseline_mean": 0.4710493896292978,
        "production mean": 0.47312309621931553,
        "ks_test": {
            "ks_statistic": 0.0,
            "p_value": 1.0,
            "drift_detected": false
        },
        "psi": 0.0
    },
    "loan": {
        "baseline_mean": 0.8670623810057118,
        "production mean": 0.8691990682673356,
        "ks_test": {
            "ks_statistic": 0.0,
            "p_value": 1.0,
            "drift_detected": false
        },
        "psi": 0.0
    },
    "day": {
        "baseline_mean": 15.62996976145145,
        "production mean": 165.2250492743236,
        "ks_test": {
            "ks_statistic": 1.0,
            "p_value": 0.0,
            "drift_detected": true
        },
        "psi": 6.9248952256780285
    },
    "duration": {
        "baseline_mean": 370.22454922163735,
        "production mean": 1869.9455294750044,
        "ks_test": {
            "ks_statistic": 0.7380397778175953,
            "p_value": 0.0,
            "drift_detected": true
        },
        "psi": 3.594454888477329
    },
    "campaign": {
        "baseline_mean": 2.506439690894837,
        "production mean": 2.508421429851281,
        "ks_test": {
            "ks_statistic": 0.0,
            "p_value": 1.0,
            "drift_detected": false
        },
        "psi": 0.0
    },
    "pdays": {
        "baseline_mean": 50.73255683727181,
        "production mean": 996.809442752195,
        "ks_test": {
            "ks_statistic": 0.7798781580361942,
            "p_value": 0.0,
            "drift_detected": true
        },
        "psi": 2.5600752873179142
    },
    "previous": {
        "baseline_mean": 0.81128905812521,
        "production mean": 20.383533416950367,
        "ks_test": {
            "ks_statistic": 0.9887117004121125,
            "p_value": 0.0,
            "drift_detected": true
        },
        "psi": 9.61101583303538
    },
    "job_admin.": {
        "baseline_mean": 0.11860230708925971,
        "production mean": 0.11951263214477692,
        "ks_test": {
            "ks_statistic": 0.0,
            "p_value": 1.0,
            "drift_detected": false
        },
        "psi": 0.0
    },
    "job_blue-collar": {
        "baseline_mean": 0.17392765147272932,
        "production mean": 0.17416233649883534,
        "ks_test": {
            "ks_statistic": 0.0,
            "p_value": 1.0,
            "drift_detected": false
        },
        "psi": 0.0
    },
    "job_entrepreneur": {
        "baseline_mean": 0.027886661440250867,
        "production mean": 0.029385414800215014,
        "ks_test": {
            "ks_statistic": 0.0,
            "p_value": 1.0,
            "drift_detected": false
        },
        "psi": 0.0
    },
    "job_housemaid": {
        "baseline_mean": 0.02497480120954194,
        "production mean": 0.024547572119691812,
        "ks_test": {
            "ks_statistic": 0.0,
            "p_value": 1.0,
            "drift_detected": false
        },
        "psi": 0.0
    },
    "job_management": {
        "baseline_mean": 0.23283682383245605,
        "production mean": 0.22988711700412112,
        "ks_test": {
            "ks_statistic": 0.0,
            "p_value": 1.0,
            "drift_detected": false
        },
        "psi": 0.0
    },
    "job_retired": {
        "baseline_mean": 0.07022062940978833,
        "production mean": 0.06970077047124171,
        "ks_test": {
            "ks_statistic": 0.0,
            "p_value": 1.0,
            "drift_detected": false
        },
        "psi": 0.0
    },
    "job_self-employed": {
        "baseline_mean": 0.03751819912644193,
        "production mean": 0.03628382010392403,
        "ks_test": {
            "ks_statistic": 0.0,
            "p_value": 1.0,
            "drift_detected": false
        },
        "psi": 0.0
    },
    "job_services": {
        "baseline_mean": 0.0829880165752044,
        "production mean": 0.0826912739652392,
        "ks_test": {
            "ks_statistic": 0.0,
            "p_value": 1.0,
            "drift_detected": false
        },
        "psi": 0.0
    },
    "job_student": {
        "baseline_mean": 0.03191846791354015,
        "production mean": 0.03225228453682136,
        "ks_test": {
            "ks_statistic": 0.0,
            "p_value": 1.0,
            "drift_detected": false
        },
        "psi": 0.0
    },
    "job_technician": {
        "baseline_mean": 0.1612722589315713,
        "production mean": 0.1633219853072926,
        "ks_test": {
            "ks_statistic": 0.0,
            "p_value": 1.0,
            "drift_detected": false
        },
        "psi": 0.0
    },
    "job_unemployed": {
        "baseline_mean": 0.031582484040766044,
        "production mean": 0.031983515499014514,
        "ks_test": {
            "ks_statistic": 0.0,
            "p_value": 1.0,
            "drift_detected": false
        },
        "psi": 0.0
    },
    "job_unknown": {
        "baseline_mean": 0.006271698958449995,
        "production mean": 0.006271277548826375,
        "ks_test": {
            "ks_statistic": 0.0,
            "p_value": 1.0,
            "drift_detected": false
        },
        "psi": 0.0
    },
    "marital_divorced": {
        "baseline_mean": 0.11457050061597043,
        "production mean": 0.11583945529475005,
        "ks_test": {
            "ks_statistic": 0.0,
            "p_value": 1.0,
            "drift_detected": false
        },
        "psi": 0.0
    },
    "marital_married": {
        "baseline_mean": 0.5689326912308209,
        "production mean": 0.5689840530370901,
        "ks_test": {
            "ks_statistic": 0.0,
            "p_value": 1.0,
            "drift_detected": false
        },
        "psi": 0.0
    },
    "marital_single": {
        "baseline_mean": 0.31649680815320863,
        "production mean": 0.3151764916681598,
        "ks_test": {
            "ks_statistic": 0.0,
            "p_value": 1.0,
            "drift_detected": false
        },
        "psi": 0.0
    },
    "education_primary": {
        "baseline_mean": 0.13461753835815882,
        "production mean": 0.13438451890342232,
        "ks_test": {
            "ks_statistic": 0.0,
            "p_value": 1.0,
            "drift_detected": false
        },
        "psi": 0.0
    },
    "education_secondary": {
        "baseline_mean": 0.48852055101355135,
        "production mean": 0.4905930836767604,
        "ks_test": {
            "ks_statistic": 0.0,
            "p_value": 1.0,
            "drift_detected": false
        },
        "psi": 0.0
    },
    "education_tertiary": {
        "baseline_mean": 0.33374398028894614,
        "production mean": 0.33049632682315,
        "ks_test": {
            "ks_statistic": 0.0,
            "p_value": 1.0,
            "drift_detected": false
        },
        "psi": 0.0
    },
    "education_unknown": {
        "baseline_mean": 0.04311793033934371,
        "production mean": 0.044526070596667265,
        "ks_test": {
            "ks_statistic": 0.0,
            "p_value": 1.0,
            "drift_detected": false
        },
        "psi": 0.0
    },